<?xml version="1.0" encoding="UTF-8"?>
<project-private xmlns="http://www.netbeans.org/ns/project-private/1">
    <editor-bookmarks xmlns="http://www.netbeans.org/ns/editor-bookmarks/2" lastBookmarkId="0"/>
    <open-files xmlns="http://www.netbeans.org/ns/projectui-open-files/2">
        <group>
            <file>file:/D:/cursuri/Programare%20orientata%20pe%20obiecte/Proiect/Ghid%20Turistic/src/ghid/turistic/Biserica.java</file>
            <file>file:/D:/cursuri/Programare%20orientata%20pe%20obiecte/Proiect/Ghid%20Turistic/src/ghid/turistic/GhidTuristic.java</file>
            <file>file:/D:/cursuri/Programare%20orientata%20pe%20obiecte/Proiect/Ghid%20Turistic/src/ghid/turistic/ImagePraga.java</file>
        </group>
    </open-files>
</project-private>
